,Asset 1/Asset 2 inst_corr,Asset 1/Asset 2 hist_corr
0,0.9015507423437726,
1,0.4609229348493984,
2,0.6181743896307982,
3,0.4423439390862177,
4,0.4423439390862177,
5,0.24625075273115876,
6,0.2710028677823698,
7,0.2710028677823698,
8,0.5688955346045714,
9,0.28249216358464785,
10,0.6006064737697868,
11,0.48569717759459746,
12,0.48569717759459746,
13,0.48569717759459746,
14,0.35330995473801746,
15,0.8916198753412944,
16,0.7447877746768268,
17,0.2707653103915944,
18,0.9059036071711439,
19,0.9059036071711439,
20,0.28607509055397856,
21,0.28607509055397856,
22,0.28607509055397856,0.8452091976050199
23,0.28607509055397856,0.8492621727941934
24,0.7764777270852663,0.8374197370419999
25,0.7764777270852663,0.8432966707319274
26,0.7764777270852663,0.8301379939501039
27,0.5109010329572649,0.8103176873897118
28,0.5109010329572649,0.8027112335643203
29,0.5533380064102197,0.7339162309885302
30,0.5533380064102197,0.7456178334498038
31,0.5414374602280762,0.733855414102012
32,0.17229388296496653,0.7860548020190428
33,0.17229388296496653,0.7926301311950308
34,0.5712729418779822,0.7551039463200466
35,0.26057604333003515,0.747565681427231
36,0.26057604333003515,0.7838762111720935
37,0.45252481037400666,0.7753617420900787
38,0.45252481037400666,0.7398545215436193
39,0.7497883727882605,0.7423114295876427
40,0.7497883727882605,0.7124518725319259
41,0.7497883727882605,0.7095372525918265
42,0.7497883727882605,0.7350108848855779
43,0.7497883727882605,0.7290392908254518
44,0.7497883727882605,0.7192407859992405
45,0.7497883727882605,0.7214436188111718
46,0.7497883727882605,0.7292672666357736
47,0.7497883727882605,0.7235425038350571
48,0.7497883727882605,0.7173149051533931
49,0.8701886975341704,0.7423464855748252
50,0.8701886975341704,0.7630146929646694
51,0.40860808025524215,0.741326994057734
52,0.40860808025524215,0.7335187907651439
53,0.6954679251551072,0.7378355366310403
54,0.2911068335802804,0.7181177023397679
55,0.931219959118776,0.6815544121548989
56,0.931219959118776,0.6835742207111953
57,0.7519492474080448,0.7010141624408819
58,-0.1296287762635777,0.49634661942694847
59,0.776126355444179,0.47288245161535797
60,0.8020318818661506,0.36420420529307723
61,0.7052975408155604,0.4082214080576642
62,0.8760161643181771,0.45674521761823395
63,0.5719858772452691,0.4429135636075732
64,0.5719858772452691,0.42418085530922334
