,Asset 1/Asset 2 inst_corr,Asset 1/Asset 2 hist_corr
0,,
1,,
2,,
3,,
4,,
5,,
6,,
7,,
8,,
9,,
10,,
11,,
12,,
13,,
14,,
15,,
16,,
17,,
18,,
19,,
20,,
21,,
22,,-0.028838756069379485
23,,-0.0007505107411915238
24,,-0.006012235137039378
25,,-0.033186861483008784
26,,-0.038398085781098476
27,,-0.03564030529384989
28,,-0.013950780949480796
29,,0.002752969937640793
30,,-0.10676274075178543
31,,-0.13631345785106427
32,,-0.11363312223977654
33,,-0.04824669665475555
34,,0.026492655122702408
35,,0.06661450338210621
36,,-0.010099933997516967
37,,0.05271031942402348
38,,0.16126159638550397
39,,0.11337479039824779
40,,0.04650929853649579
41,,0.08246998194828892
42,,0.07637105125517564
43,,0.01686008959094502
44,,-0.04324774726007077
45,,-0.05513947572459735
46,,-0.07187139948448534
47,,-0.015299393676560679
48,,-0.004167756488087346
49,,0.0017838187088905985
50,,-0.02368941543521483
51,,-0.0050937167749496165
52,,0.013938077604321308
53,,0.11096512846058541
54,,0.11355241095662878
55,,0.05967649765263855
56,,-0.045846859001251294
57,,-0.04512430639158897
58,,-0.06281774671950759
59,,-0.06534152151825269
60,,-0.041845740663136004
61,,-0.16235549529763332
62,,-0.07331585801794704
63,,-0.08404879051047599
64,,-0.11702568496885922
65,,
66,,
67,,
68,,
69,,
70,,
71,,
72,,
73,,
74,,
75,,
76,,
77,,
78,,
79,,
80,,
81,,
82,,
83,,
84,,
85,,
86,,
87,,
88,,
89,,
90,,
91,,
