,inst_vol,hist_vol,ewma_vol,garch_vol
0,7.803739664893131,,,
1,8.280107040050597,,19.663914465714722,645.996258148125
2,6.446605497094177,,768.824928960003,593.4722357342685
3,4.735289122063382,,768.038324494957,545.2187843891049
4,6.250151721415258,,744.6444192951521,500.88867675999467
5,7.984456491329189,,722.4801645662782,460.1629175111596
6,6.9358849003073315,,704.186856160325,422.74844786288537
7,3.7657560358039146,,707.6321955551122,388.3760367677706
8,4.812228948888708,,690.7852718047681,356.79834354912396
